{"w": [317.9760525, 1.41164164, 0.082677, -0.13338314, 0.06328176, -0.03671878, -0.00651578, 0.01792997, 0.0061028], "mio": [[43840.2297030847, -4006.2625749269, 2245.1015408659, 1459.0935903066, 624.7357620899, 172.0399468988, -358.5518651728, -6371.6478429867], [-4006.2625749269, 97567.9093085932, 4374.8878333952, -1094.1293778897, -295.5500953416, 94.1749410518, 601.0124556155, -6816.7643836977], [2245.1015408659, 4374.8878333952, 1727.0153611563, 1662.8765864663, 371.53668758, 382.0980930198, 743.7400689162, 363.2888776169], [1459.0935903066, -1094.1293778897, 1662.8765864663, 21027.5889054397, 282.3932761089, -510.5975818558, -595.3942564477, 770.9394188416], [624.7357620899, -295.5500953416, 371.53668758, 282.3932761089, 22782.8770363288, -2593.7476439939, -885.5133721154, 1918.1368943976], [172.0399468988, 94.1749410518, 382.0980930198, -510.5975818558, -2593.7476439939, 23167.4961123651, 582.1332545917, -2680.1890034129], [-358.5518651728, 601.0124556155, 743.7400689162, -595.3942564477, -885.5133721154, 582.1332545917, 20642.3264187129, 3542.8013887301], [-6371.6478429867, -6816.7643836977, 363.2888776169, 770.9394188416, 1918.1368943976, -2680.1890034129, 3542.8013887301, 66620.5415776897]], "standard_error": [0.005080250601889916, 0.003512712966302921, 0.028694819761668627, 0.007271160644152423, 0.006699859565370186, 0.006654682455150593, 0.00708163576783429, 0.003970705148456478], "x": [1, 0, 1, 0, 0, 1]}