{"w": [318.59702735, 1.41031641, 0.08195556, -0.12226089, 0.06218675, -0.03699213, -0.00734809, 0.01830678, -0.0107185], "mio": [[44302.9894755633, -5982.0323666043, 2212.3959051014, 1106.8976723349, 523.0845582067, 97.5156744218, -418.9170324677, 351.1227369068], [-5982.0323666043, 97714.5774556813, 4244.2828528496, -1131.658223463, -191.3244074135, -158.9473721013, 730.2553427209, -364.4505866268], [2212.3959051014, 4244.2828528496, 1803.9013982255, 1533.2185377459, 331.5344937777, 309.9151101345, 745.7095229489, 700.2410042331], [1106.8976723349, -1131.658223463, 1533.2185377459, 21221.8146465732, 245.4914816895, -663.0215346669, -592.744488975, -1343.4613603131], [523.0845582067, -191.3244074135, 331.5344937777, 245.4914816895, 23048.7606067115, -2782.2427837774, -846.3763920353, -873.0837166709], [97.5156744218, -158.9473721013, 309.9151101345, -663.0215346669, -2782.2427837774, 23439.4145214595, 550.9589919774, 300.7471984412], [-418.9170324677, 730.2553427209, 745.7095229489, -592.744488975, -846.3763920353, 550.9589919774, 20830.8688522233, -507.1577817704], [351.1227369068, -364.4505866268, 700.2410042331, -1343.4613603131, -873.0837166709, 300.7471984412, -507.1577817704, 33047.5514814294]], "standard_error": [0.005005691602317985, 0.003471143500798812, 0.02762556486885925, 0.007189558426335398, 0.006659767197973463, 0.006598560038475854, 0.007020624038308847, 0.005555851245536691], "x": [1, 0, 1, 0, 1, 0]}