{"w": [321.5314963, 1.4087893, 0.08133487, -0.12432501, 0.06478663, -0.03589822, -0.00655879, 0.01907336, -0.01956503, 0.00434279], "mio": [[44969.8559333823, -5786.4909617375, 2261.1963237195, 1125.7843425843, 505.3741034085, 120.1411866296, -457.2047718272, -1684.9157815163, 11821.8554523334], [-5786.4909617375, 99699.9867775536, 4441.8875602384, -474.1037299367, -274.5328995396, -183.7888114186, 856.4125983643, 95.6151828283, -1783.2741369279], [2261.1963237195, 4441.8875602384, 1873.6548705285, 1311.6014296084, 344.3722736216, 350.0859356318, 701.5604196323, 349.3527919156, 1233.4476364417], [1125.7843425843, -474.1037299367, 1311.6014296084, 21613.6156047283, 117.7981917353, -663.7937184451, -842.9194593426, 2145.0404407563, 919.1209083465], [505.3741034085, -274.5328995396, 344.3722736216, 117.7981917353, 23323.6068044543, -2762.4910475987, -737.7178608128, 443.7980348065, -153.7998933089], [120.1411866296, -183.7888114186, 350.0859356318, -663.7937184451, -2762.4910475987, 23657.9719528414, 623.7711974352, 753.2091711639, -443.4645458199], [-457.2047718272, 856.4125983643, 701.5604196323, -842.9194593426, -737.7178608128, 623.7711974352, 21278.9840653296, 197.0264847343, -696.9917319287], [-1684.9157815163, 95.6151828283, 349.3527919156, 2145.0404407563, 443.7980348065, 753.2091711639, 197.0264847343, 25946.2943325784, 1680.1751538306], [11821.8554523334, -1783.2741369279, 1233.4476364417, 919.1209083465, -153.7998933089, -443.4645458199, -696.9917319287, 1680.1751538306, 18996.1403000539]], "standard_error": [0.005332871723415544, 0.003429033124531823, 0.026793741974141777, 0.007025253117183295, 0.0066173041668473286, 0.006576550348708173, 0.00693751789636268, 0.006285276098524479, 0.008059237810149287], "x": [1, 0, 1, 0, 0, 0, 1]}