{"w": [316.7348561, 1.41043208, 0.08287445, -0.13053952, 0.06335668, -0.03634152, -0.00725584, 0.01889406], "mio": [[43294.0847918626, -4738.0027587729, 2276.5582925489, 1169.3244823239, 537.2677422622, 128.616756815, -350.2059662011], [-4738.0027587729, 96942.686580278, 4598.8925244071, -781.8279581735, -66.5799950172, -133.9390973413, 965.9413568988], [2276.5582925489, 4598.8925244071, 1913.9909739588, 1591.4021227268, 355.9224021703, 356.6226449139, 792.7673382617], [1169.3244823239, -781.8279581735, 1591.4021227268, 20813.7648826289, 245.991908437, -612.2604272717, -535.4137940624], [537.2677422622, -66.5799950172, 355.9224021703, 245.991908437, 22450.4902663917, -2620.7083538662, -712.7284239627], [128.616756815, -133.9390973413, 356.6226449139, -612.2604272717, -2620.7083538662, 22809.5144549244, 561.3779478023], [-350.2059662011, 965.9413568988, 792.7673382617, -535.4137940624, -712.7284239627, 561.3779478023, 20454.4723590396]], "standard_error": [0.005052752129325796, 0.0034943070952882798, 0.0268372952655396, 0.007240173733188193, 0.006739452824907809, 0.006689157985825849, 0.0070812400713740065], "x": [1, 0, 1]}