{"w": [317.91170758, 1.3979769, 0.08267771, -0.1323869, 0.06353966, -0.03669972, -0.00657095, 0.01876201, 0.00055876], "mio": [[44295.2689338115, -4534.9601822873, 2328.6125536825, 1211.1376165932, 555.6487106945, 123.3625715513, -329.189566207, 1021398.5607294781], [-4534.9601822873, 97811.4057794475, 4664.7386822183, -714.938450725, -302.0675347038, -23.5650884943, 962.8728580442, -144834.9543883262], [2328.6125536825, 4664.7386822183, 1937.0046698937, 1613.3165805722, 457.4085327567, 326.3235322519, 837.1824687921, 60191.5188383457], [1211.1376165932, -714.938450725, 1613.3165805722, 20912.0756828339, 243.4363759888, -661.3992006733, -542.5629230017, 25714.9379226723], [555.6487106945, -302.0675347038, 457.4085327567, 243.4363759888, 22557.1926335735, -2576.4830348897, -696.3380553161, 30798.3754381997], [123.3625715513, -23.5650884943, 326.3235322519, -661.3992006733, -2576.4830348897, 22911.9569306067, 530.2614494731, -25012.0005393607], [-329.189566207, 962.8728580442, 837.1824687921, -542.5629230017, -696.3380553161, 530.2614494731, 20557.0571933873, -920.0906343839], [1021398.5607294781, -144834.9543883262, 60191.5188383457, 25714.9379226723, 30798.3754381997, -25012.0005393607, -920.0906343839, 31439030.753734656]], "standard_error": [0.009546118015775503, 0.0034887889985799354, 0.026844321009711264, 0.007230271409861589, 0.006734346779673992, 0.006685906417901525, 0.0070719536383201335, 0.0003587300202861192], "x": [1, 0, 1, 1, 0, 0]}