{"w": [467.18380215, 1.85980728, 0.06650077, -0.22090731, -0.00456656, -0.04650198, 0.05225303, -0.00581734, 0.00158449, -0.00185746], "mio": [[85253.3495717526, 14588.6265140028, 4200.4927271098, -827.9020071237, -38.2839876936, 2998.3768095606, -1580.29258754, 2534837.5127034993, -7184.2837306588], [14588.6265140028, 191182.238900688, 8838.0935412477, -1745.3875415956, 1753.3746107833, -1531.4558800814, -1924.8634834457, 294706.3212868901, -3804.3692814793], [4200.4927271098, 8838.0935412477, 1437.1803943852, -618.3610224536, -255.5195935153, 185.1672757643, -1151.7052498489, 127258.5073884006, -27.8328812293], [-827.9020071237, -1745.3875415956, -618.3610224536, 42003.8760429627, -761.7323192933, -627.1336108862, 445.4577035595, -30091.4549340091, -7909.8620648516], [-38.2839876936, 1753.3746107833, -255.5195935153, -761.7323192933, 39080.1499370177, 490.2006728404, -178.2054458996, 5688.8733784292, 4295.429006215], [2998.3768095606, -1531.4558800814, 185.1672757643, -627.1336108862, 490.2006728404, 38851.4029357549, 606.6210027702, 82321.3195627558, -8900.5629383283], [-1580.29258754, -1924.8634834457, -1151.7052498489, 445.4577035595, -178.2054458996, 606.6210027702, 42235.7312425259, -74472.4718852874, 5315.9183110528], [2534837.5127034993, 294706.3212868901, 127258.5073884006, -30091.4549340091, 5688.8733784292, 82321.3195627558, -74472.4718852874, 99093005.56337446, -356393.3378458045], [-7184.2837306588, -3804.3692814793, -27.8328812293, -7909.8620648516, 4295.429006215, -8900.5629383283, 5315.9183110528, -356393.3378458045, 91817.6521173829]], "standard_error": [0.0071392065078593955, 0.002749629936032474, 0.03447928580772196, 0.004940765598711713, 0.005086265424301256, 0.005148168555254755, 0.004961264021313416, 0.00020731130335944838, 0.0034259136487041087], "x": [1, 1, 0, 1, 0, 1]}