{"w": [467.32010997, 1.85948129, 0.06665639, -0.2232413, -0.00434724, -0.04681639, 0.05267464, -0.0063104, 0.00159789, -0.00305871], "mio": [[85123.5319180727, 15521.2134811649, 4250.7277031622, -794.0750893908, 42.519675264, 2991.6677396551, -1420.3760464668, 2530189.736507599, -4429.4086556533], [15521.2134811649, 191679.1576246946, 8930.977602298, -1582.2487402121, 1602.0264083598, -1287.6493738363, -2071.2314745297, 327107.944755426, -277.6221803492], [4250.7277031622, 8930.977602298, 1464.2723557183, -612.6232019892, -268.8741141687, 174.2148330577, -1138.8386503902, 128607.3235582025, -412.9523840132], [-794.0750893908, -1582.2487402121, -612.6232019892, 41921.9029516585, -684.2319981028, -577.0813864347, 577.5050518255, -29450.2345455107, -1682.0015784456], [42.519675264, 1602.0264083598, -268.8741141687, -684.2319981028, 39005.1250786316, 543.8966629431, -194.5230663352, 8914.2183198443, -938.424138559], [2991.6677396551, -1287.6493738363, 174.2148330577, -577.0813864347, 543.8966629431, 38736.5056116235, 790.1404104758, 82347.4874774252, -306.4492302873], [-1420.3760464668, -2071.2314745297, -1138.8386503902, 577.5050518255, -194.5230663352, 790.1404104758, 42193.664359222, -67291.1066664306, -2826.7705211263], [2530189.736507599, 327107.944755426, 128607.3235582025, -29450.2345455107, 8914.2183198443, 82347.4874774252, -67291.1066664306, 98822655.70322134, -122198.4591332955], [-4429.4086556533, -277.6221803492, -412.9523840132, -1682.0015784456, -938.424138559, -306.4492302873, -2826.7705211263, -122198.4591332955, 60331.6841434623]], "standard_error": [0.007149437388956446, 0.002736711879512931, 0.03403948957642253, 0.004907057608556959, 0.005076582587300838, 0.00509239840239928, 0.004947310433020218, 0.00020657654972412685, 0.004093003665003241], "x": [1, 1, 0, 1, 1, 0]}