{"w": [473.73510974, 1.8658365, 0.06557279, -0.22047758, -0.00373498, -0.04613876, 0.0530181, -0.00549626, 0.00139415, -0.01596012, -0.00822722], "mio": [[87326.5027859469, 15741.4631753179, 4431.5703768758, -958.5934010391, 472.6135341613, 3035.3836960982, -1606.1117791857, 2593186.1736072972, -7947.5884754215, 13943.5582692318], [15741.4631753179, 200260.6853237753, 9525.1744406983, -1680.3771298767, 2896.994952547, -1203.9891243003, -1863.810181056, 332093.0755066313, -1333.7312103353, 5578.7367477114], [4431.5703768758, 9525.1744406983, 1679.6259895333, -886.6593809723, -5.5913122293, 26.0721448725, -1486.4580248975, 126405.5871930242, -1414.7934199124, 2152.3495270843], [-958.5934010391, -1680.3771298767, -886.6593809723, 43270.0156159043, -778.4437282172, -617.4546882001, 655.2012099726, -40015.5201059007, 1617.6218558595, -385.7423020497], [472.6135341613, 2896.994952547, -5.5913122293, -778.4437282172, 40296.9533307226, 200.8839020705, -313.9092472686, 23390.2485086902, 824.9441596738, 688.6772446318], [3035.3836960982, -1203.9891243003, 26.0721448725, -617.4546882001, 200.8839020705, 39951.9141473399, 936.5411433707, 78388.6650694031, 852.0423965207, 418.4551569288], [-1606.1117791857, -1863.810181056, -1486.4580248975, 655.2012099726, -313.9092472686, 936.5411433707, 43619.4307536849, -73907.1628055996, 1980.8677143748, -283.7765948828], [2593186.1736072972, 332093.0755066313, 126405.5871930242, -40015.5201059007, 23390.2485086902, 78388.6650694031, -73907.1628055996, 101841086.47286026, -456169.0990759466, 228029.5349964914], [-7947.5884754215, -1333.7312103353, -1414.7934199124, 1617.6218558595, 824.9441596738, 852.0423965207, 1980.8677143748, -456169.0990759466, 44581.654096055, 2332.6402852789], [13943.5582692318, 5578.7367477114, 2152.3495270843, -385.7423020497, 688.6772446318, 418.4551569288, -283.7765948828, 228029.5349964914, 2332.6402852789, 38985.0073845038]], "standard_error": [0.007302952729555162, 0.002663672915438163, 0.03258619418818678, 0.004843316065675762, 0.004989603087407531, 0.005014549161684992, 0.004891796519028351, 0.0002091407656008345, 0.004963194196638729, 0.005471595232621408], "x": [1, 1, 0, 1, 0, 0, 1]}