{"w": [440.22669047, 1.9042487, 0.07156924, -0.21377411, -0.00414452, -0.04658967, 0.05267449, -0.00683141], "mio": [[69833.0617109297, 11218.2558024838, 3878.3980839551, -328.611684613, -344.4895757067, 2739.7146615809, -928.9280584233], [11218.2558024838, 166692.3572862231, 8457.5369281384, -731.3325824061, 1263.6824591937, -1040.5953233268, -1687.302523108], [3878.3980839551, 8457.5369281384, 1679.6159737223, -293.5776172388, -716.8667728578, 431.3223816651, -876.0532738656], [-328.611684613, -731.3325824061, -293.5776172388, 36271.2923696952, -467.109021837, -375.8787064551, 184.2849635408], [-344.4895757067, 1263.6824591937, -716.8667728578, -467.109021837, 33538.3210887092, 530.8048271102, 44.6738476801], [2739.7146615809, -1040.5953233268, 431.3223816651, -375.8787064551, 530.8048271102, 33363.0984217842, 721.0845206443], [-928.9280584233, -1687.302523108, -876.0532738656, 184.2849635408, 44.6738476801, 721.0845206443, 36448.5331031473]], "standard_error": [0.004078270207970127, 0.0028671803998846744, 0.03081201413811371, 0.005255998621083739, 0.005508188141940108, 0.0054980460014628875, 0.005280141038502866], "x": [[0, 0, 0], [0, 1, 0], [1, 1, 0]]}