{"w": [467.03975752, 1.85962112, 0.06666464, -0.222472, -0.00422099, -0.04672917, 0.05267898, -0.00608231, 0.0015969], "mio": [[85036.0402513816, 15206.8831946715, 4216.9087776144, -711.7557761735, -24.7616993652, 3058.247962046, -1421.0822691384, 2528936.939950202], [15206.8831946715, 191028.16352142, 8832.2883613285, -1451.3757543016, 1460.3390183081, -1205.1582570611, -1976.0231996516, 318261.2850810534], [4216.9087776144, 8832.2883613285, 1436.2445129211, -544.2153953775, -324.902071542, 240.2418780056, -1142.3438204106, 128485.0013463244], [-711.7557761735, -1451.3757543016, -544.2153953775, 41913.2801683795, -684.4930685702, -568.6177419992, 513.8264360031, -26471.8504768682], [-24.7616993652, 1460.3390183081, -324.902071542, -684.4930685702, 38931.2345079888, 545.0289270606, -123.3029428019, 5886.2099212917], [3058.247962046, -1205.1582570611, 240.2418780056, -568.6177419992, 545.0289270606, 38712.7907066069, 735.5116994032, 83578.3897563912], [-1421.0822691384, -1976.0231996516, -1142.3438204106, 513.8264360031, -123.3029428019, 735.5116994032, 42134.6825902818, -67819.4661691186], [2528936.939950202, 318261.2850810534, 128485.0013463244, -26471.8504768682, 5886.2099212917, 83578.3897563912, -67819.4661691186, 98833953.05246149]], "standard_error": [0.007144132193139476, 0.002743587905635578, 0.03441096188840268, 0.004900507847611296, 0.00508272643607513, 0.005095565750415152, 0.004943427936927122, 0.00020660189472169752], "x": [1, 1, 0, 1, 0, 0]}