{"w": [205.47841173, 1.00234592, 0.06699711, -0.15125618, 0.03600976, -0.05191415, 0.04840758, 0.0040499, 0.01158687, -0.0269798, -0.00779449], "mio": [[44315.0483754739, -1443.0996647362, 1672.3516572733, -2376.2189307524, -1148.1186118365, 196.7484351369, -466.5399737107, 430162.2378160321, 3370.1735444264, 815.1835643594], [-1443.0996647362, 80632.681384083, 2975.4330367189, 220.1488141324, -1949.8744355309, -8.0182762262, 559.6952290418, -5679.6351798449, 346.8655682073, 1538.838902648], [1672.3516572733, 2975.4330367189, 859.3771249162, -461.6125869629, 332.7571559888, -654.4474207256, -187.5913975901, 10203.3883120554, -0.7026529047, 686.8472786716], [-2376.2189307524, 220.1488141324, -461.6125869629, 17909.2274219269, -210.6762387516, -419.1225612277, -158.6842154804, -12643.5561377319, 1965.9521028303, -3513.5281975122], [-1148.1186118365, -1949.8744355309, 332.7571559888, -210.6762387516, 17745.4455338602, 662.2783296651, -1819.25856947, -31294.5489278943, -643.3418702626, -4146.55467498], [196.7484351369, -8.0182762262, -654.4474207256, -419.1225612277, 662.2783296651, 17929.5599102924, -438.0615331094, 2695.5966516159, -377.9782864489, -552.1570694086], [-466.5399737107, 559.6952290418, -187.5913975901, -158.6842154804, -1819.25856947, -438.0615331094, 17726.3636348789, -5089.1882053425, -1130.7414584416, 6891.7435058667], [430162.2378160321, -5679.6351798449, 10203.3883120554, -12643.5561377319, -31294.5489278943, 2695.5966516159, -5089.1882053425, 5237997.645923534, 67030.1788419787, 34161.9472728912], [3370.1735444264, 346.8655682073, -0.7026529047, 1965.9521028303, -643.3418702626, -377.9782864489, -1130.7414584416, 67030.1788419787, 37535.2259801792, -908.5977698982], [815.1835643594, 1538.838902648, 686.8472786716, -3513.5281975122, -4146.55467498, -552.1570694086, 6891.7435058667, 34161.9472728912, -908.5977698982, 46486.3606293059]], "standard_error": [0.021141146298302344, 0.003934703830354072, 0.03987989096101996, 0.0077396460725283195, 0.008023335072297381, 0.007829728273953843, 0.007774231984519716, 0.002085190909172487, 0.00870170199757155, 0.015272972456893257], "x": [1, 1, 0, 1, 1, 1]}