{"w": [204.43555058, 1.00572465, 0.06866646, -0.1625197, 0.03716854, -0.04992921, 0.04807676, 0.00155311, 0.01126358, -0.02704079], "mio": [[41633.7588549946, -173.7332442201, 1658.6339867358, -2437.8672246061, -751.9707974311, 332.8557224821, -386.4710574537, 394220.4381073529, -5858.549753115], [-173.7332442201, 77974.5868161573, 2955.8760176813, 326.2348110393, -793.1641508202, 155.8138102662, -216.6526765318, 2887.1124963051, 838.5465688052], [1658.6339867358, 2955.8760176813, 831.8468837485, -370.3482280558, 444.1193820382, -460.9006742648, -179.7301570008, 8194.3852071295, -599.2000201666], [-2437.8672246061, 326.2348110393, -370.3482280558, 17118.7568193829, -177.5687995762, -500.5895584952, 177.4773328263, -15250.6890433017, -958.5204595603], [-751.9707974311, -793.1641508202, 444.1193820382, -177.5687995762, 16787.5868454157, 690.4604227716, -1777.0650333382, -23522.7113880534, 1074.3683307585], [332.8557224821, 155.8138102662, -460.9006742648, -500.5895584952, 690.4604227716, 16860.9680421564, -136.372967814, -405.8801528549, -748.4814185133], [-386.4710574537, -216.6526765318, -179.7301570008, 177.4773328263, -1777.0650333382, -136.372967814, 17046.9855249795, -3765.7995191673, -760.7360075876], [394220.4381073529, 2887.1124963051, 8194.3852071295, -15250.6890433017, -23522.7113880534, -405.8801528549, -3765.7995191673, 4780466.679257626, -25910.1769660102], [-5858.549753115, 838.5465688052, -599.2000201666, -958.5204595603, 1074.3683307585, -748.4814185133, -760.7360075876, -25910.1769660102, 28562.931492368]], "standard_error": [0.021141146298302344, 0.003934703830354072, 0.03987989096101996, 0.0077396460725283195, 0.008023335072297381, 0.007829728273953843, 0.007774231984519716, 0.002085190909172487, 0.00870170199757155, 0.015272972456893257], "x": [1, 1, 0, 1, 1, 0]}