{"w": [205.79754331, 1.10178818, 0.06827872, -0.16231666, 0.04154212, -0.05115586, 0.04779302, 0.00403539, 0.00154226, 0.0007831, -0.07302827], "mio": [[35260.3494741587, -204.0214713668, 1669.8875290473, -2291.8901343647, -225.7483402361, 221.5701725242, -620.6027962669, 347189.1265685828, -2654.802265151, -218.6070897952], [-204.0214713668, 79993.5770942767, 3454.34687974, 301.3807979572, 55.8089055633, -72.4710198719, -214.257976861, -594.991242272, -1028.3482887433, -539.292698212], [1669.8875290473, 3454.34687974, 1001.5441597605, -431.5248295116, 869.7824098982, -615.7430020319, -674.7739064258, 10031.4554979535, -458.9711925262, 954.41840519], [-2291.8901343647, 301.3807979572, -431.5248295116, 17250.4237316803, -310.3441756505, -596.71887302, 456.7011277419, -13238.1125278276, -217.9343308459, -255.9120291302], [-225.7483402361, 55.8089055633, 869.7824098982, -310.3441756505, 17036.1286985926, 654.2366851083, -1678.8879743359, -22266.4174766069, 1634.0766394717, 2535.0665653859], [221.5701725242, -72.4710198719, -615.7430020319, -596.71887302, 654.2366851083, 17042.0207238916, -221.8279631261, 794.4568839172, 543.2234037718, -333.5207734633], [-620.6027962669, -214.257976861, -674.7739064258, 456.7011277419, -1678.8879743359, -221.8279631261, 17246.8327906209, -4395.4729623486, -349.7339668487, 89.9853705495], [347189.1265685828, -594.991242272, 10031.4554979535, -13238.1125278276, -22266.4174766069, 794.4568839172, -4395.4729623486, 4474844.717889546, -48584.2745026308, -126094.8598358678], [-2654.802265151, -1028.3482887433, -458.9711925262, -217.9343308459, 1634.0766394717, 543.2234037718, -349.7339668487, -48584.2745026308, 15075.5141646413, 657.1599888107], [-218.6070897952, -539.292698212, 954.41840519, -255.9120291302, 2535.0665653859, -333.5207734633, 89.9853705495, -126094.8598358678, 657.1599888107, 19209.1143261266]], "standard_error": [0.021141146298302344, 0.003934703830354072, 0.03987989096101996, 0.0077396460725283195, 0.008023335072297381, 0.007829728273953843, 0.007774231984519716, 0.002085190909172487, 0.00870170199757155, 0.015272972456893257], "x": [1, 1, 0, 1, 0, 0, 1]}