{"w": [162.20826383, 1.1140968, 0.09373047, -0.27935747, 0.04209737, -0.05520794, 0.04547009, 0.00448872], "mio": [[20151.2927680547, 8879.5186793732, 2028.9844601067, -788.9452320592, -181.3053450604, -161.8421574591, 425.679108864], [8879.5186793732, 53342.2698545289, 4621.6433536224, 908.048707919, -358.0108067474, -933.4990653385, 1178.045712725], [2028.9844601067, 4621.6433536224, 1091.1382770381, 297.3524524519, 304.965400975, -455.6769570752, 521.7453669811], [-788.9452320592, 908.048707919, 297.3524524519, 9995.9147453711, 213.0243495539, -98.1949419428, 815.0204407921], [-181.3053450604, -358.0108067474, 304.965400975, 213.0243495539, 10159.7309611801, 998.0790472994, -690.4112134214], [-161.8421574591, -933.4990653385, -455.6769570752, -98.1949419428, 998.0790472994, 9965.6511371103, 431.7917662201], [425.679108864, 1178.045712725, 521.7453669811, 815.0204407921, -690.4112134214, 431.7917662201, 10190.2922300188]], "standard_error": [0.007893767002967317, 0.005489516964783684, 0.04257539169954445, 0.010121285512526454, 0.010148536141103823, 0.010257142634587662, 0.010153021874035202], "x": [1, 1, 0]}