{"w": [162.20826383, 1.1140968, 0.09373047, -0.27935747, 0.04209737, -0.05520794, 0.04547009, 0.00448872], "mio": [[69833.0599033089, 11218.2572235694, 3878.3977201572, -328.6116391382, -344.4893938077, 2739.7147525304, -928.9280129486], [11218.2572235694, 166692.3478956898, 8457.5365416031, -731.3321049214, 1263.6801968256, -1040.5969490487, -1687.3018864617], [3878.3977201572, 8457.5365416031, 1679.6158145608, -293.5776286075, -716.866943388, 431.3222452409, -876.0531715475], [-328.6116391382, -731.3321049214, -293.5776286075, 36271.2915170439, -467.1089877309, -375.8787746672, 184.2850431216], [-344.4893938077, 1263.6801968256, -716.866943388, -467.1089877309, 33538.3200541589, 530.8045997365, 44.6738590487], [2739.7147525304, -1040.5969490487, 431.3222452409, -375.8787746672, 530.8045997365, 33363.0975009207, 721.0844069575], [-928.9280129486, -1687.3018864617, -876.0531715475, 184.2850431216, 44.6738590487, 721.0844069575, 36448.5321481778]], "standard_error": [0.021141146298302344, 0.003934703830354072, 0.03987989096101996, 0.0077396460725283195, 0.008023335072297381, 0.007829728273953843, 0.007774231984519716, 0.002085190909172487, 0.00870170199757155, 0.015272972456893257], "x": [[0, 0, 0], [1, 0, 0], [1, 1, 0]]}