{"w": [194.65272513, 1.01805356, 0.07309909, -0.17729199, 0.03806858, -0.0508848, 0.0486238, 0.00251009, 0.01022802], "mio": [[36133.2612110572, 1277.7829303863, 1582.4727715058, -1986.0111231782, -482.1401733205, 367.1046457779, -343.2605754541, 342595.441475725], [1277.7829303863, 69296.1017416901, 2961.5487979026, -95.8951196273, -374.4551539073, 211.6551450016, 164.5126500434, 13076.9275144298], [1582.4727715058, 2961.5487979026, 749.7585196694, -64.160818569, 584.9120282101, -325.6440942006, -262.909744247, 7654.7649771214], [-1986.0111231782, -95.8951196273, -64.160818569, 15182.3289908486, -162.5896370862, -402.6515374499, 196.4735517181, -11202.7301132312], [-482.1401733205, -374.4551539073, 584.9120282101, -162.5896370862, 14844.1572715661, 497.4979073149, -1477.0309754131, -19787.3001745612], [367.1046457779, 211.6551450016, -325.6440942006, -402.6515374499, 497.4979073149, 14922.7681142653, -137.599051999, 2692.8391942807], [-343.2605754541, 164.5126500434, -262.909744247, 196.4735517181, -1477.0309754131, -137.599051999, 15105.0426737723, -2549.5783442095], [342595.441475725, 13076.9275144298, 7654.7649771214, -11202.7301132312, -19787.3001745612, 2692.8391942807, -2549.5783442095, 4145757.9414090035]], "standard_error": [0.012629295948857859, 0.004274572390429556, 0.046209132158538495, 0.008169672273560259, 0.008470289221832912, 0.008275586360686208, 0.008202385908047175, 0.0011252436437604947], "x": [1, 1, 0, 1, 0, 0]}