{"w": [306.01336363, 1.31985937, 0.09320667, -0.04921487, 0.09362526, -0.00189586, 0.02532252, 0.0151624, 0.00250629, -0.00730854], "mio": [[44501.8285151178, -13812.518720727, 1869.4939434264, 593.6401821399, 768.8592906667, -509.4637829659, 1181.9189382167, 951144.937687789, -2946.2218332524], [-13812.518720727, 80645.9038290461, 1891.0132371726, -4075.975631557, -1742.3076285819, -1633.4386061688, -875.6553130701, -330775.6390429387, -1663.9077033991], [1869.4939434264, 1891.0132371726, 1126.6587308347, 1818.6939664993, 728.283012411, 774.449772982, 415.4974004284, 43641.7717418296, 924.2837917062], [593.6401821399, -4075.975631557, 1818.6939664993, 20282.6917545681, 560.4935551096, 150.097124186, -574.6170080976, 22761.5719285958, -192.7756199703], [768.8592906667, -1742.3076285819, 728.283012411, 560.4935551096, 20807.8597151309, -1278.7858586663, 397.6414605766, 33168.0222121121, 706.0879185925], [-509.4637829659, -1633.4386061688, 774.449772982, 150.097124186, -1278.7858586663, 20381.1993239618, -494.4184661016, 3227.0340436918, 945.7855435724], [1181.9189382167, -875.6553130701, 415.4974004284, -574.6170080976, 397.6414605766, -494.4184661016, 20709.0403368316, 28401.3226544178, -1343.2467536586], [951144.937687789, -330775.6390429387, 43641.7717418296, 22761.5719285958, 33168.0222121121, 3227.0340436918, 28401.3226544178, 27026548.22747153, -119896.683007028], [-2946.2218332524, -1663.9077033991, 924.2837917062, -192.7756199703, 706.0879185925, 945.7855435724, -1343.2467536586, -119896.683007028, 33552.5777144656]], "standard_error": [0.009705503487916439, 0.003975023354466067, 0.038622723696818954, 0.00797168792576747, 0.007091913897847882, 0.007228416994535166, 0.007029896462920831, 0.0003917640762103033, 0.005703106564058441], "x": [1, 1, 0, 1, 1, 0]}