{"w": [305.2118052, 1.32000208, 0.09422233, -0.06266984, 0.09494532, -0.00160308, 0.02550925, 0.01585986, 0.00255136, -0.00094841, -6.408e-05], "mio": [[43277.4569200312, -12123.3683657714, 1902.9248671461, 657.4881458844, 788.7075924503, -459.048852009, 1180.3569946744, 924846.6429672408, -3462.6910449873, 5961.724849554], [-12123.3683657714, 79968.1748661824, 2078.7792804916, -3907.7708080044, -1592.2248175696, -1517.9219274829, -726.8454763814, -288894.4838888766, 1402.568980589, -2534.5800425393], [1902.9248671461, 2078.7792804916, 1211.2426632365, 1919.9343402362, 752.4552341241, 795.3328183088, 428.7282525335, 42410.9557511778, -377.9938842839, 600.3004803896], [657.4881458844, -3907.7708080044, 1919.9343402362, 19714.209288544, 559.7409027311, 186.3007108562, -458.6597019438, 24887.923957589, -1248.0188450626, -378.6579063992], [788.7075924503, -1592.2248175696, 752.4552341241, 559.7409027311, 20190.8326372551, -1181.3184329409, 420.9872812559, 33516.1541892279, 159.8917573413, -496.3577135401], [-459.048852009, -1517.9219274829, 795.3328183088, 186.3007108562, -1181.3184329409, 19762.0214842753, -452.3198869058, 4700.1346148153, -990.2810620698, 7.8150382561], [1180.3569946744, -726.8454763814, 428.7282525335, -458.6597019438, 420.9872812559, -452.3198869058, 20142.7822675867, 28298.9589523493, -1559.2011769665, -1139.9760758904], [924846.6429672408, -288894.4838888766, 42410.9557511778, 24887.923957589, 33516.1541892279, 4700.1346148153, 28298.9589523493, 26313862.80950227, -195207.8424612281, 72152.204889516], [-3462.6910449873, 1402.568980589, -377.9938842839, -1248.0188450626, 159.8917573413, -990.2810620698, -1559.2011769665, -195207.8424612281, 20230.4503080467, 1396.8874692181], [5961.724849554, -2534.5800425393, 600.3004803896, -378.6579063992, -496.3577135401, 7.8150382561, -1139.9760758904, 72152.204889516, 1396.8874692181, 19675.9676264622]], "standard_error": [0.010337615178871407, 0.003944761759423429, 0.03674701989192529, 0.008115855879483807, 0.00721260009663881, 0.007345633210866293, 0.00714610759934899, 0.0004197342343873512, 0.0075647106310138155, 0.007466926194749537], "x": [1, 1, 0, 1, 0, 0, 0]}