{"w": [305.20384706, 1.31967622, 0.0942218, -0.0626277, 0.09499236, -0.00162882, 0.02554282, 0.01593201, 0.00256979, 0.0, 0.0], "mio": [[45139.4629477249, -13711.255120768, 1895.4865529832, 969.5508687041, 574.0785644695, -539.5859988995, 1244.9128636557, 971507.1687143478, 1886.817351366], [-13711.255120768, 82819.6613731941, 2029.312827501, -4312.0550476881, -1682.3226414603, -2058.3943881756, -860.0641401956, -346679.8460715459, -19060.2683199686], [1895.4865529832, 2029.312827501, 1163.2563788418, 1920.4626202605, 829.4367112984, 877.2346279622, 421.2166672, 45561.8629130664, -1128.3653408854], [969.5508687041, -4312.0550476881, 1920.4626202605, 20655.6165926129, 596.492312194, 466.5069249453, -736.8118903572, 26993.3879731404, 403.0441549639], [574.0785644695, -1682.3226414603, 829.4367112984, 596.492312194, 21201.8658797261, -1266.6293699693, 452.0742096371, 23332.8167689111, -2360.5277702991], [-539.5859988995, -2058.3943881756, 877.2346279622, 466.5069249453, -1266.6293699693, 21020.6762110289, -611.6554882089, -1853.1387835952, 2309.6845355281], [1244.9128636557, -860.0641401956, 421.2166672, -736.8118903572, 452.0742096371, -611.6554882089, 20836.4269110509, 24727.2635066555, 666.0974572724], [971507.1687143478, -346679.8460715459, 45561.8629130664, 26993.3879731404, 23332.8167689111, -1853.1387835952, 24727.2635066555, 27594281.2807375, 202121.4925578106], [1886.817351366, -19060.2683199686, -1128.3653408854, 403.0441549639, -2360.5277702991, 2309.6845355281, 666.0974572724, 202121.4925578106, 95898.89077904]], "standard_error": [0.010337615178871407, 0.003944761759423429, 0.03674701989192529, 0.008115855879483807, 0.00721260009663881, 0.007345633210866293, 0.00714610759934899, 0.0004197342343873512, 0.0075647106310138155, 0.007466926194749537], "x": [1, 1, 0, 1, 0, 0, 0]}