{"w": [286.31821989, 1.37299288, 0.10091533, -0.09459324, 0.10051731, 0.00140555, 0.02931929, 0.01643584], "mio": [[34342.7034479699, -7266.2289686864, 1800.1274725072, 674.1036144811, 662.5324766037, -350.304043841, 1022.088855988], [-7266.2289686864, 71209.2920533164, 2585.2261556924, -2433.7507604284, -684.5602916007, -689.8430577368, -230.3857971114], [1800.1274725072, 2585.2261556924, 1261.0165254518, 1716.1239910221, 518.4956456137, 589.1563389276, 331.8197795427], [674.1036144811, -2433.7507604284, 1716.1239910221, 16981.7238369148, 507.939640299, 187.6975356272, -120.305839285], [662.5324766037, -684.5602916007, 518.4956456137, 507.939640299, 17338.0942561978, -779.7211135904, 483.7093132401], [-350.304043841, -689.8430577368, 589.1563389276, 187.6975356272, -779.7211135904, 17122.9787167392, -309.255203483], [1022.088855988, -230.3857971114, 331.8197795427, -120.305839285, 483.7093132401, -309.255203483, 17196.7460281063]], "standard_error": [0.005849611352248223, 0.004135862724702216, 0.035093968963393035, 0.008522835485165208, 0.007673322574225329, 0.00776892184719115, 0.007659777883000409], "x": [1, 1, 0]}