{"w": [305.20384706, 1.31967622, 0.0942218, -0.0626277, 0.09499236, -0.00162882, 0.02554282, 0.01593201, 0.00256979], "mio": [[43304.2741912132, -12131.5472815074, 1903.1801964279, 657.267093186, 789.544407199, -459.0270696098, 1180.5284344343, 925347.598779271], [-12131.5472815074, 79964.4385594406, 2078.569721533, -3897.0853588497, -1592.1319922619, -1518.6702824987, -707.1099519466, -288952.5456356674], [1903.1801964279, 2078.569721533, 1210.7223299227, 1915.3062170509, 752.960549406, 795.7745712764, 421.2469420064, 42360.213208844], [657.267093186, -3897.0853588497, 1915.3062170509, 19714.7039286312, 559.7849450143, 188.3798499556, -460.8913178376, 24904.7006682357], [789.544407199, -1592.1319922619, 752.960549406, 559.7849450143, 20191.6519669673, -1184.053511021, 418.3259745685, 33454.6462076764], [-459.0270696098, -1518.6702824987, 795.7745712764, 188.3798499556, -1184.053511021, 19767.0667813328, -454.4837227036, 4851.4135478451], [1180.5284344343, -707.1099519466, 421.2469420064, -460.8913178376, 418.3259745685, -454.4837227036, 20139.0469271831, 28142.458780503], [925347.598779271, -288952.5456356674, 42360.213208844, 24904.7006682357, 33454.6462076764, 4851.4135478451, 28142.458780503, 26318662.631039687]], "standard_error": [0.009857676055563818, 0.003931468384351837, 0.036419984693582125, 0.008076544809279518, 0.007200893183797539, 0.0073379867385795034, 0.007102724379888774, 0.0003920857703042395], "x": [1, 1, 0, 1, 0, 0]}